,SurveyYear,group,fulltype,Val,fulltypegroup,gender,type
0,2003,0.1,OperatingExpensesperTeamMensTeam,12061.200000000003,OperatingExpensesperTeamMensTeam0.1,M,expenses
1,2003,0.1,OperatingExpensesperTeamWomensTeam,9418.6,OperatingExpensesperTeamWomensTeam0.1,W,expenses
2,2003,0.1,RevenuesMensTeam,12946.000000000002,RevenuesMensTeam0.1,M,revenues
3,2003,0.1,RevenuesWomensTeam,9624.5,RevenuesWomensTeam0.1,W,revenues
4,2003,0.2,OperatingExpensesperTeamMensTeam,16918.0,OperatingExpensesperTeamMensTeam0.2,M,expenses
5,2003,0.2,OperatingExpensesperTeamWomensTeam,14482.800000000001,OperatingExpensesperTeamWomensTeam0.2,W,expenses
6,2003,0.2,RevenuesMensTeam,25073.000000000004,RevenuesMensTeam0.2,M,revenues
7,2003,0.2,RevenuesWomensTeam,19935.0,RevenuesWomensTeam0.2,W,revenues
8,2003,0.3,OperatingExpensesperTeamMensTeam,20994.0,OperatingExpensesperTeamMensTeam0.3,M,expenses
9,2003,0.3,OperatingExpensesperTeamWomensTeam,18167.8,OperatingExpensesperTeamWomensTeam0.3,W,expenses
10,2003,0.3,RevenuesMensTeam,37872.89999999999,RevenuesMensTeam0.3,M,revenues
11,2003,0.3,RevenuesWomensTeam,29909.5,RevenuesWomensTeam0.3,W,revenues
12,2003,0.4,OperatingExpensesperTeamMensTeam,25000.0,OperatingExpensesperTeamMensTeam0.4,M,expenses
13,2003,0.4,OperatingExpensesperTeamWomensTeam,22174.2,OperatingExpensesperTeamWomensTeam0.4,W,expenses
14,2003,0.4,RevenuesMensTeam,59942.40000000001,RevenuesMensTeam0.4,M,revenues
15,2003,0.4,RevenuesWomensTeam,43976.0,RevenuesWomensTeam0.4,W,revenues
16,2003,0.5,OperatingExpensesperTeamMensTeam,30221.0,OperatingExpensesperTeamMensTeam0.5,M,expenses
17,2003,0.5,OperatingExpensesperTeamWomensTeam,26990.0,OperatingExpensesperTeamWomensTeam0.5,W,expenses
18,2003,0.5,RevenuesMensTeam,85026.0,RevenuesMensTeam0.5,M,revenues
19,2003,0.5,RevenuesWomensTeam,61757.0,RevenuesWomensTeam0.5,W,revenues
20,2003,0.6,OperatingExpensesperTeamMensTeam,37205.6,OperatingExpensesperTeamMensTeam0.6,M,expenses
21,2003,0.6,OperatingExpensesperTeamWomensTeam,32441.6,OperatingExpensesperTeamWomensTeam0.6,W,expenses
22,2003,0.6,RevenuesMensTeam,123007.19999999998,RevenuesMensTeam0.6,M,revenues
23,2003,0.6,RevenuesWomensTeam,84694.0,RevenuesWomensTeam0.6,W,revenues
24,2003,0.7,OperatingExpensesperTeamMensTeam,49515.39999999998,OperatingExpensesperTeamMensTeam0.7,M,expenses
25,2003,0.7,OperatingExpensesperTeamWomensTeam,42624.599999999955,OperatingExpensesperTeamWomensTeam0.7,W,expenses
26,2003,0.7,RevenuesMensTeam,195314.5999999997,RevenuesMensTeam0.7,M,revenues
27,2003,0.7,RevenuesWomensTeam,126315.5,RevenuesWomensTeam0.7,W,revenues
28,2003,0.8,OperatingExpensesperTeamMensTeam,97484.40000000002,OperatingExpensesperTeamMensTeam0.8,M,expenses
29,2003,0.8,OperatingExpensesperTeamWomensTeam,73731.00000000001,OperatingExpensesperTeamWomensTeam0.8,W,expenses
30,2003,0.8,RevenuesMensTeam,359492.6000000003,RevenuesMensTeam0.8,M,revenues
31,2003,0.8,RevenuesWomensTeam,216538.0,RevenuesWomensTeam0.8,W,revenues
32,2003,0.9,OperatingExpensesperTeamMensTeam,214552.59999999998,OperatingExpensesperTeamMensTeam0.9,M,expenses
33,2003,0.9,OperatingExpensesperTeamWomensTeam,153167.99999999997,OperatingExpensesperTeamWomensTeam0.9,W,expenses
34,2003,0.9,RevenuesMensTeam,963387.7000000001,RevenuesMensTeam0.9,M,revenues
35,2003,0.9,RevenuesWomensTeam,445307.0,RevenuesWomensTeam0.9,W,revenues
36,2004,0.1,OperatingExpensesperTeamMensTeam,12684.0,OperatingExpensesperTeamMensTeam0.1,M,expenses
37,2004,0.1,OperatingExpensesperTeamWomensTeam,10009.6,OperatingExpensesperTeamWomensTeam0.1,W,expenses
38,2004,0.1,RevenuesMensTeam,23529.800000000003,RevenuesMensTeam0.1,M,revenues
39,2004,0.1,RevenuesWomensTeam,19014.8,RevenuesWomensTeam0.1,W,revenues
40,2004,0.2,OperatingExpensesperTeamMensTeam,18057.8,OperatingExpensesperTeamMensTeam0.2,M,expenses
41,2004,0.2,OperatingExpensesperTeamWomensTeam,15388.8,OperatingExpensesperTeamWomensTeam0.2,W,expenses
42,2004,0.2,RevenuesMensTeam,37567.6,RevenuesMensTeam0.2,M,revenues
43,2004,0.2,RevenuesWomensTeam,31115.4,RevenuesWomensTeam0.2,W,revenues
44,2004,0.3,OperatingExpensesperTeamMensTeam,22733.6,OperatingExpensesperTeamMensTeam0.3,M,expenses
45,2004,0.3,OperatingExpensesperTeamWomensTeam,19867.6,OperatingExpensesperTeamWomensTeam0.3,W,expenses
46,2004,0.3,RevenuesMensTeam,58636.799999999996,RevenuesMensTeam0.3,M,revenues
47,2004,0.3,RevenuesWomensTeam,44815.4,RevenuesWomensTeam0.3,W,revenues
48,2004,0.4,OperatingExpensesperTeamMensTeam,27451.4,OperatingExpensesperTeamMensTeam0.4,M,expenses
49,2004,0.4,OperatingExpensesperTeamWomensTeam,24280.0,OperatingExpensesperTeamWomensTeam0.4,W,expenses
50,2004,0.4,RevenuesMensTeam,84087.20000000001,RevenuesMensTeam0.4,M,revenues
51,2004,0.4,RevenuesWomensTeam,65024.4,RevenuesWomensTeam0.4,W,revenues
52,2004,0.5,OperatingExpensesperTeamMensTeam,33300.0,OperatingExpensesperTeamMensTeam0.5,M,expenses
53,2004,0.5,OperatingExpensesperTeamWomensTeam,29296.0,OperatingExpensesperTeamWomensTeam0.5,W,expenses
54,2004,0.5,RevenuesMensTeam,113390.0,RevenuesMensTeam0.5,M,revenues
55,2004,0.5,RevenuesWomensTeam,86973.0,RevenuesWomensTeam0.5,W,revenues
56,2004,0.6,OperatingExpensesperTeamMensTeam,41105.6,OperatingExpensesperTeamMensTeam0.6,M,expenses
57,2004,0.6,OperatingExpensesperTeamWomensTeam,36127.799999999996,OperatingExpensesperTeamWomensTeam0.6,W,expenses
58,2004,0.6,RevenuesMensTeam,157274.19999999995,RevenuesMensTeam0.6,M,revenues
59,2004,0.6,RevenuesWomensTeam,117577.79999999999,RevenuesWomensTeam0.6,W,revenues
60,2004,0.7,OperatingExpensesperTeamMensTeam,57803.79999999999,OperatingExpensesperTeamMensTeam0.7,M,expenses
61,2004,0.7,OperatingExpensesperTeamWomensTeam,47815.59999999999,OperatingExpensesperTeamWomensTeam0.7,W,expenses
62,2004,0.7,RevenuesMensTeam,245829.39999999994,RevenuesMensTeam0.7,M,revenues
63,2004,0.7,RevenuesWomensTeam,171279.19999999998,RevenuesWomensTeam0.7,W,revenues
64,2004,0.8,OperatingExpensesperTeamMensTeam,104051.40000000001,OperatingExpensesperTeamMensTeam0.8,M,expenses
65,2004,0.8,OperatingExpensesperTeamWomensTeam,81641.80000000002,OperatingExpensesperTeamWomensTeam0.8,W,expenses
66,2004,0.8,RevenuesMensTeam,400691.00000000093,RevenuesMensTeam0.8,M,revenues
67,2004,0.8,RevenuesWomensTeam,264531.0,RevenuesWomensTeam0.8,W,revenues
68,2004,0.9,OperatingExpensesperTeamMensTeam,223313.0000000004,OperatingExpensesperTeamMensTeam0.9,M,expenses
69,2004,0.9,OperatingExpensesperTeamWomensTeam,154593.00000000003,OperatingExpensesperTeamWomensTeam0.9,W,expenses
70,2004,0.9,RevenuesMensTeam,1026759.7999999998,RevenuesMensTeam0.9,M,revenues
71,2004,0.9,RevenuesWomensTeam,499199.2000000004,RevenuesWomensTeam0.9,W,revenues
72,2005,0.1,OperatingExpensesperTeamMensTeam,12904.5,OperatingExpensesperTeamMensTeam0.1,M,expenses
73,2005,0.1,OperatingExpensesperTeamWomensTeam,10142.3,OperatingExpensesperTeamWomensTeam0.1,W,expenses
74,2005,0.1,RevenuesMensTeam,28755.0,RevenuesMensTeam0.1,M,revenues
75,2005,0.1,RevenuesWomensTeam,25092.4,RevenuesWomensTeam0.1,W,revenues
76,2005,0.2,OperatingExpensesperTeamMensTeam,18995.2,OperatingExpensesperTeamMensTeam0.2,M,expenses
77,2005,0.2,OperatingExpensesperTeamWomensTeam,16866.4,OperatingExpensesperTeamWomensTeam0.2,W,expenses
78,2005,0.2,RevenuesMensTeam,48523.20000000002,RevenuesMensTeam0.2,M,revenues
79,2005,0.2,RevenuesWomensTeam,41707.8,RevenuesWomensTeam0.2,W,revenues
80,2005,0.3,OperatingExpensesperTeamMensTeam,24170.5,OperatingExpensesperTeamMensTeam0.3,M,expenses
81,2005,0.3,OperatingExpensesperTeamWomensTeam,21305.899999999998,OperatingExpensesperTeamWomensTeam0.3,W,expenses
82,2005,0.3,RevenuesMensTeam,77167.59999999999,RevenuesMensTeam0.3,M,revenues
83,2005,0.3,RevenuesWomensTeam,62461.6,RevenuesWomensTeam0.3,W,revenues
84,2005,0.4,OperatingExpensesperTeamMensTeam,29680.0,OperatingExpensesperTeamMensTeam0.4,M,expenses
85,2005,0.4,OperatingExpensesperTeamWomensTeam,26361.800000000007,OperatingExpensesperTeamWomensTeam0.4,W,expenses
86,2005,0.4,RevenuesMensTeam,104588.20000000001,RevenuesMensTeam0.4,M,revenues
87,2005,0.4,RevenuesWomensTeam,83752.40000000001,RevenuesWomensTeam0.4,W,revenues
88,2005,0.5,OperatingExpensesperTeamMensTeam,35957.5,OperatingExpensesperTeamMensTeam0.5,M,expenses
89,2005,0.5,OperatingExpensesperTeamWomensTeam,31537.5,OperatingExpensesperTeamWomensTeam0.5,W,expenses
90,2005,0.5,RevenuesMensTeam,140451.5,RevenuesMensTeam0.5,M,revenues
91,2005,0.5,RevenuesWomensTeam,108814.0,RevenuesWomensTeam0.5,W,revenues
92,2005,0.6,OperatingExpensesperTeamMensTeam,42962.6,OperatingExpensesperTeamMensTeam0.6,M,expenses
93,2005,0.6,OperatingExpensesperTeamWomensTeam,38145.99999999999,OperatingExpensesperTeamWomensTeam0.6,W,expenses
94,2005,0.6,RevenuesMensTeam,195903.19999999992,RevenuesMensTeam0.6,M,revenues
95,2005,0.6,RevenuesWomensTeam,149832.0,RevenuesWomensTeam0.6,W,revenues
96,2005,0.7,OperatingExpensesperTeamMensTeam,58427.09999999999,OperatingExpensesperTeamMensTeam0.7,M,expenses
97,2005,0.7,OperatingExpensesperTeamWomensTeam,50377.3,OperatingExpensesperTeamWomensTeam0.7,W,expenses
98,2005,0.7,RevenuesMensTeam,288325.1999999999,RevenuesMensTeam0.7,M,revenues
99,2005,0.7,RevenuesWomensTeam,208919.4,RevenuesWomensTeam0.7,W,revenues
100,2005,0.8,OperatingExpensesperTeamMensTeam,108041.40000000011,OperatingExpensesperTeamMensTeam0.8,M,expenses
101,2005,0.8,OperatingExpensesperTeamWomensTeam,84067.2,OperatingExpensesperTeamWomensTeam0.8,W,expenses
102,2005,0.8,RevenuesMensTeam,455725.00000000023,RevenuesMensTeam0.8,M,revenues
103,2005,0.8,RevenuesWomensTeam,307692.6000000001,RevenuesWomensTeam0.8,W,revenues
104,2005,0.9,OperatingExpensesperTeamMensTeam,245071.0,OperatingExpensesperTeamMensTeam0.9,M,expenses
105,2005,0.9,OperatingExpensesperTeamWomensTeam,176948.60000000003,OperatingExpensesperTeamWomensTeam0.9,W,expenses
106,2005,0.9,RevenuesMensTeam,1135283.8000000003,RevenuesMensTeam0.9,M,revenues
107,2005,0.9,RevenuesWomensTeam,571163.7999999997,RevenuesWomensTeam0.9,W,revenues
108,2006,0.1,OperatingExpensesperTeamMensTeam,14573.300000000001,OperatingExpensesperTeamMensTeam0.1,M,expenses
109,2006,0.1,OperatingExpensesperTeamWomensTeam,11753.800000000003,OperatingExpensesperTeamWomensTeam0.1,W,expenses
110,2006,0.1,RevenuesMensTeam,33700.4,RevenuesMensTeam0.1,M,revenues
111,2006,0.1,RevenuesWomensTeam,29189.0,RevenuesWomensTeam0.1,W,revenues
112,2006,0.2,OperatingExpensesperTeamMensTeam,20096.4,OperatingExpensesperTeamMensTeam0.2,M,expenses
113,2006,0.2,OperatingExpensesperTeamWomensTeam,17741.0,OperatingExpensesperTeamWomensTeam0.2,W,expenses
114,2006,0.2,RevenuesMensTeam,56977.40000000001,RevenuesMensTeam0.2,M,revenues
115,2006,0.2,RevenuesWomensTeam,48365.0,RevenuesWomensTeam0.2,W,revenues
116,2006,0.3,OperatingExpensesperTeamMensTeam,25923.4,OperatingExpensesperTeamMensTeam0.3,M,expenses
117,2006,0.3,OperatingExpensesperTeamWomensTeam,23150.6,OperatingExpensesperTeamWomensTeam0.3,W,expenses
118,2006,0.3,RevenuesMensTeam,85014.79999999999,RevenuesMensTeam0.3,M,revenues
119,2006,0.3,RevenuesWomensTeam,70055.0,RevenuesWomensTeam0.3,W,revenues
120,2006,0.4,OperatingExpensesperTeamMensTeam,31619.800000000003,OperatingExpensesperTeamMensTeam0.4,M,expenses
121,2006,0.4,OperatingExpensesperTeamWomensTeam,28068.0,OperatingExpensesperTeamWomensTeam0.4,W,expenses
122,2006,0.4,RevenuesMensTeam,113749.0,RevenuesMensTeam0.4,M,revenues
123,2006,0.4,RevenuesWomensTeam,93735.0,RevenuesWomensTeam0.4,W,revenues
124,2006,0.5,OperatingExpensesperTeamMensTeam,38289.0,OperatingExpensesperTeamMensTeam0.5,M,expenses
125,2006,0.5,OperatingExpensesperTeamWomensTeam,33501.5,OperatingExpensesperTeamWomensTeam0.5,W,expenses
126,2006,0.5,RevenuesMensTeam,150636.5,RevenuesMensTeam0.5,M,revenues
127,2006,0.5,RevenuesWomensTeam,123296.5,RevenuesWomensTeam0.5,W,revenues
128,2006,0.6,OperatingExpensesperTeamMensTeam,47110.2,OperatingExpensesperTeamMensTeam0.6,M,expenses
129,2006,0.6,OperatingExpensesperTeamWomensTeam,42665.799999999996,OperatingExpensesperTeamWomensTeam0.6,W,expenses
130,2006,0.6,RevenuesMensTeam,217828.79999999996,RevenuesMensTeam0.6,M,revenues
131,2006,0.6,RevenuesWomensTeam,167723.0,RevenuesWomensTeam0.6,W,revenues
132,2006,0.7,OperatingExpensesperTeamMensTeam,59754.299999999974,OperatingExpensesperTeamMensTeam0.7,M,expenses
133,2006,0.7,OperatingExpensesperTeamWomensTeam,56250.0,OperatingExpensesperTeamWomensTeam0.7,W,expenses
134,2006,0.7,RevenuesMensTeam,322473.0999999996,RevenuesMensTeam0.7,M,revenues
135,2006,0.7,RevenuesWomensTeam,234542.5,RevenuesWomensTeam0.7,W,revenues
136,2006,0.8,OperatingExpensesperTeamMensTeam,119365.00000000004,OperatingExpensesperTeamMensTeam0.8,M,expenses
137,2006,0.8,OperatingExpensesperTeamWomensTeam,94685.40000000004,OperatingExpensesperTeamWomensTeam0.8,W,expenses
138,2006,0.8,RevenuesMensTeam,505604.8000000002,RevenuesMensTeam0.8,M,revenues
139,2006,0.8,RevenuesWomensTeam,352072.0,RevenuesWomensTeam0.8,W,revenues
140,2006,0.9,OperatingExpensesperTeamMensTeam,276732.0,OperatingExpensesperTeamMensTeam0.9,M,expenses
141,2006,0.9,OperatingExpensesperTeamWomensTeam,203023.00000000003,OperatingExpensesperTeamWomensTeam0.9,W,expenses
142,2006,0.9,RevenuesMensTeam,1243802.7,RevenuesMensTeam0.9,M,revenues
143,2006,0.9,RevenuesWomensTeam,648497.5,RevenuesWomensTeam0.9,W,revenues
144,2007,0.1,OperatingExpensesperTeamMensTeam,14000.0,OperatingExpensesperTeamMensTeam0.1,M,expenses
145,2007,0.1,OperatingExpensesperTeamWomensTeam,11572.0,OperatingExpensesperTeamWomensTeam0.1,W,expenses
146,2007,0.1,RevenuesMensTeam,39240.0,RevenuesMensTeam0.1,M,revenues
147,2007,0.1,RevenuesWomensTeam,35541.100000000006,RevenuesWomensTeam0.1,W,revenues
148,2007,0.2,OperatingExpensesperTeamMensTeam,20508.0,OperatingExpensesperTeamMensTeam0.2,M,expenses
149,2007,0.2,OperatingExpensesperTeamWomensTeam,18476.8,OperatingExpensesperTeamWomensTeam0.2,W,expenses
150,2007,0.2,RevenuesMensTeam,67145.0,RevenuesMensTeam0.2,M,revenues
151,2007,0.2,RevenuesWomensTeam,60748.200000000004,RevenuesWomensTeam0.2,W,revenues
152,2007,0.3,OperatingExpensesperTeamMensTeam,26295.2,OperatingExpensesperTeamMensTeam0.3,M,expenses
153,2007,0.3,OperatingExpensesperTeamWomensTeam,23306.8,OperatingExpensesperTeamWomensTeam0.3,W,expenses
154,2007,0.3,RevenuesMensTeam,97655.5,RevenuesMensTeam0.3,M,revenues
155,2007,0.3,RevenuesWomensTeam,85215.2,RevenuesWomensTeam0.3,W,revenues
156,2007,0.4,OperatingExpensesperTeamMensTeam,32088.600000000002,OperatingExpensesperTeamMensTeam0.4,M,expenses
157,2007,0.4,OperatingExpensesperTeamWomensTeam,28395.800000000003,OperatingExpensesperTeamWomensTeam0.4,W,expenses
158,2007,0.4,RevenuesMensTeam,127554.0,RevenuesMensTeam0.4,M,revenues
159,2007,0.4,RevenuesWomensTeam,108617.00000000001,RevenuesWomensTeam0.4,W,revenues
160,2007,0.5,OperatingExpensesperTeamMensTeam,39057.0,OperatingExpensesperTeamMensTeam0.5,M,expenses
161,2007,0.5,OperatingExpensesperTeamWomensTeam,34274.0,OperatingExpensesperTeamWomensTeam0.5,W,expenses
162,2007,0.5,RevenuesMensTeam,167102.5,RevenuesMensTeam0.5,M,revenues
163,2007,0.5,RevenuesWomensTeam,141209.5,RevenuesWomensTeam0.5,W,revenues
164,2007,0.6,OperatingExpensesperTeamMensTeam,47091.59999999999,OperatingExpensesperTeamMensTeam0.6,M,expenses
165,2007,0.6,OperatingExpensesperTeamWomensTeam,42614.6,OperatingExpensesperTeamWomensTeam0.6,W,expenses
166,2007,0.6,RevenuesMensTeam,231867.0,RevenuesMensTeam0.6,M,revenues
167,2007,0.6,RevenuesWomensTeam,195137.59999999998,RevenuesWomensTeam0.6,W,revenues
168,2007,0.7,OperatingExpensesperTeamMensTeam,62375.39999999998,OperatingExpensesperTeamMensTeam0.7,M,expenses
169,2007,0.7,OperatingExpensesperTeamWomensTeam,56097.99999999999,OperatingExpensesperTeamWomensTeam0.7,W,expenses
170,2007,0.7,RevenuesMensTeam,345361.0,RevenuesMensTeam0.7,M,revenues
171,2007,0.7,RevenuesWomensTeam,272692.1999999999,RevenuesWomensTeam0.7,W,revenues
172,2007,0.8,OperatingExpensesperTeamMensTeam,113922.00000000004,OperatingExpensesperTeamMensTeam0.8,M,expenses
173,2007,0.8,OperatingExpensesperTeamWomensTeam,92889.00000000004,OperatingExpensesperTeamWomensTeam0.8,W,expenses
174,2007,0.8,RevenuesMensTeam,558102.0,RevenuesMensTeam0.8,M,revenues
175,2007,0.8,RevenuesWomensTeam,397282.80000000005,RevenuesWomensTeam0.8,W,revenues
176,2007,0.9,OperatingExpensesperTeamMensTeam,278457.5999999999,OperatingExpensesperTeamMensTeam0.9,M,expenses
177,2007,0.9,OperatingExpensesperTeamWomensTeam,190904.39999999997,OperatingExpensesperTeamWomensTeam0.9,W,expenses
178,2007,0.9,RevenuesMensTeam,1376228.0,RevenuesMensTeam0.9,M,revenues
179,2007,0.9,RevenuesWomensTeam,746849.5000000001,RevenuesWomensTeam0.9,W,revenues
180,2008,0.1,OperatingExpensesperTeamMensTeam,15630.300000000001,OperatingExpensesperTeamMensTeam0.1,M,expenses
181,2008,0.1,OperatingExpensesperTeamWomensTeam,12076.9,OperatingExpensesperTeamWomensTeam0.1,W,expenses
182,2008,0.1,RevenuesMensTeam,42355.5,RevenuesMensTeam0.1,M,revenues
183,2008,0.1,RevenuesWomensTeam,39371.3,RevenuesWomensTeam0.1,W,revenues
184,2008,0.2,OperatingExpensesperTeamMensTeam,21878.200000000004,OperatingExpensesperTeamMensTeam0.2,M,expenses
185,2008,0.2,OperatingExpensesperTeamWomensTeam,19175.0,OperatingExpensesperTeamWomensTeam0.2,W,expenses
186,2008,0.2,RevenuesMensTeam,73696.8,RevenuesMensTeam0.2,M,revenues
187,2008,0.2,RevenuesWomensTeam,67868.0,RevenuesWomensTeam0.2,W,revenues
188,2008,0.3,OperatingExpensesperTeamMensTeam,27735.3,OperatingExpensesperTeamMensTeam0.3,M,expenses
189,2008,0.3,OperatingExpensesperTeamWomensTeam,24297.699999999997,OperatingExpensesperTeamWomensTeam0.3,W,expenses
190,2008,0.3,RevenuesMensTeam,105868.1,RevenuesMensTeam0.3,M,revenues
191,2008,0.3,RevenuesWomensTeam,92158.0,RevenuesWomensTeam0.3,W,revenues
192,2008,0.4,OperatingExpensesperTeamMensTeam,33301.0,OperatingExpensesperTeamMensTeam0.4,M,expenses
193,2008,0.4,OperatingExpensesperTeamWomensTeam,29519.4,OperatingExpensesperTeamWomensTeam0.4,W,expenses
194,2008,0.4,RevenuesMensTeam,139752.2,RevenuesMensTeam0.4,M,revenues
195,2008,0.4,RevenuesWomensTeam,118467.40000000001,RevenuesWomensTeam0.4,W,revenues
196,2008,0.5,OperatingExpensesperTeamMensTeam,39899.5,OperatingExpensesperTeamMensTeam0.5,M,expenses
197,2008,0.5,OperatingExpensesperTeamWomensTeam,35706.0,OperatingExpensesperTeamWomensTeam0.5,W,expenses
198,2008,0.5,RevenuesMensTeam,186659.0,RevenuesMensTeam0.5,M,revenues
199,2008,0.5,RevenuesWomensTeam,155759.5,RevenuesWomensTeam0.5,W,revenues
200,2008,0.6,OperatingExpensesperTeamMensTeam,50204.59999999999,OperatingExpensesperTeamMensTeam0.6,M,expenses
201,2008,0.6,OperatingExpensesperTeamWomensTeam,45329.6,OperatingExpensesperTeamWomensTeam0.6,W,expenses
202,2008,0.6,RevenuesMensTeam,260806.19999999998,RevenuesMensTeam0.6,M,revenues
203,2008,0.6,RevenuesWomensTeam,217795.4,RevenuesWomensTeam0.6,W,revenues
204,2008,0.7,OperatingExpensesperTeamMensTeam,64803.89999999997,OperatingExpensesperTeamMensTeam0.7,M,expenses
205,2008,0.7,OperatingExpensesperTeamWomensTeam,59226.89999999998,OperatingExpensesperTeamWomensTeam0.7,W,expenses
206,2008,0.7,RevenuesMensTeam,367729.89999999997,RevenuesMensTeam0.7,M,revenues
207,2008,0.7,RevenuesWomensTeam,295280.8,RevenuesWomensTeam0.7,W,revenues
208,2008,0.8,OperatingExpensesperTeamMensTeam,128308.00000000003,OperatingExpensesperTeamMensTeam0.8,M,expenses
209,2008,0.8,OperatingExpensesperTeamWomensTeam,103505.80000000002,OperatingExpensesperTeamWomensTeam0.8,W,expenses
210,2008,0.8,RevenuesMensTeam,618239.4000000001,RevenuesMensTeam0.8,M,revenues
211,2008,0.8,RevenuesWomensTeam,437636.60000000003,RevenuesWomensTeam0.8,W,revenues
212,2008,0.9,OperatingExpensesperTeamMensTeam,314975.60000000003,OperatingExpensesperTeamMensTeam0.9,M,expenses
213,2008,0.9,OperatingExpensesperTeamWomensTeam,214167.1,OperatingExpensesperTeamWomensTeam0.9,W,expenses
214,2008,0.9,RevenuesMensTeam,1497925.1000000024,RevenuesMensTeam0.9,M,revenues
215,2008,0.9,RevenuesWomensTeam,845053.6999999998,RevenuesWomensTeam0.9,W,revenues
216,2009,0.1,OperatingExpensesperTeamMensTeam,15722.0,OperatingExpensesperTeamMensTeam0.1,M,expenses
217,2009,0.1,OperatingExpensesperTeamWomensTeam,13227.0,OperatingExpensesperTeamWomensTeam0.1,W,expenses
218,2009,0.1,RevenuesMensTeam,46212.00000000001,RevenuesMensTeam0.1,M,revenues
219,2009,0.1,RevenuesWomensTeam,43327.7,RevenuesWomensTeam0.1,W,revenues
220,2009,0.2,OperatingExpensesperTeamMensTeam,22026.0,OperatingExpensesperTeamMensTeam0.2,M,expenses
221,2009,0.2,OperatingExpensesperTeamWomensTeam,20048.0,OperatingExpensesperTeamWomensTeam0.2,W,expenses
222,2009,0.2,RevenuesMensTeam,76318.6,RevenuesMensTeam0.2,M,revenues
223,2009,0.2,RevenuesWomensTeam,69011.6,RevenuesWomensTeam0.2,W,revenues
224,2009,0.3,OperatingExpensesperTeamMensTeam,27507.0,OperatingExpensesperTeamMensTeam0.3,M,expenses
225,2009,0.3,OperatingExpensesperTeamWomensTeam,24343.0,OperatingExpensesperTeamWomensTeam0.3,W,expenses
226,2009,0.3,RevenuesMensTeam,110501.7,RevenuesMensTeam0.3,M,revenues
227,2009,0.3,RevenuesWomensTeam,97801.8,RevenuesWomensTeam0.3,W,revenues
228,2009,0.4,OperatingExpensesperTeamMensTeam,32790.0,OperatingExpensesperTeamMensTeam0.4,M,expenses
229,2009,0.4,OperatingExpensesperTeamWomensTeam,29381.0,OperatingExpensesperTeamWomensTeam0.4,W,expenses
230,2009,0.4,RevenuesMensTeam,141622.6,RevenuesMensTeam0.4,M,revenues
231,2009,0.4,RevenuesWomensTeam,124055.2,RevenuesWomensTeam0.4,W,revenues
232,2009,0.5,OperatingExpensesperTeamMensTeam,39396.0,OperatingExpensesperTeamMensTeam0.5,M,expenses
233,2009,0.5,OperatingExpensesperTeamWomensTeam,35226.0,OperatingExpensesperTeamWomensTeam0.5,W,expenses
234,2009,0.5,RevenuesMensTeam,198474.0,RevenuesMensTeam0.5,M,revenues
235,2009,0.5,RevenuesWomensTeam,166597.0,RevenuesWomensTeam0.5,W,revenues
236,2009,0.6,OperatingExpensesperTeamMensTeam,49759.0,OperatingExpensesperTeamMensTeam0.6,M,expenses
237,2009,0.6,OperatingExpensesperTeamWomensTeam,43840.0,OperatingExpensesperTeamWomensTeam0.6,W,expenses
238,2009,0.6,RevenuesMensTeam,279176.8,RevenuesMensTeam0.6,M,revenues
239,2009,0.6,RevenuesWomensTeam,237542.8,RevenuesWomensTeam0.6,W,revenues
240,2009,0.7,OperatingExpensesperTeamMensTeam,66381.0,OperatingExpensesperTeamMensTeam0.7,M,expenses
241,2009,0.7,OperatingExpensesperTeamWomensTeam,58562.0,OperatingExpensesperTeamWomensTeam0.7,W,expenses
242,2009,0.7,RevenuesMensTeam,379520.0,RevenuesMensTeam0.7,M,revenues
243,2009,0.7,RevenuesWomensTeam,334777.8,RevenuesWomensTeam0.7,W,revenues
244,2009,0.8,OperatingExpensesperTeamMensTeam,130819.0,OperatingExpensesperTeamMensTeam0.8,M,expenses
245,2009,0.8,OperatingExpensesperTeamWomensTeam,103312.0,OperatingExpensesperTeamWomensTeam0.8,W,expenses
246,2009,0.8,RevenuesMensTeam,664841.6000000004,RevenuesMensTeam0.8,M,revenues
247,2009,0.8,RevenuesWomensTeam,493828.6000000001,RevenuesWomensTeam0.8,W,revenues
248,2009,0.9,OperatingExpensesperTeamMensTeam,301250.0,OperatingExpensesperTeamMensTeam0.9,M,expenses
249,2009,0.9,OperatingExpensesperTeamWomensTeam,198468.0,OperatingExpensesperTeamWomensTeam0.9,W,expenses
250,2009,0.9,RevenuesMensTeam,1577351.9,RevenuesMensTeam0.9,M,revenues
251,2009,0.9,RevenuesWomensTeam,938466.2000000001,RevenuesWomensTeam0.9,W,revenues
252,2010,0.1,OperatingExpensesperTeamMensTeam,16566.8,OperatingExpensesperTeamMensTeam0.1,M,expenses
253,2010,0.1,OperatingExpensesperTeamWomensTeam,14037.000000000002,OperatingExpensesperTeamWomensTeam0.1,W,expenses
254,2010,0.1,RevenuesMensTeam,50608.0,RevenuesMensTeam0.1,M,revenues
255,2010,0.1,RevenuesWomensTeam,46241.200000000004,RevenuesWomensTeam0.1,W,revenues
256,2010,0.2,OperatingExpensesperTeamMensTeam,22904.600000000002,OperatingExpensesperTeamMensTeam0.2,M,expenses
257,2010,0.2,OperatingExpensesperTeamWomensTeam,20439.2,OperatingExpensesperTeamWomensTeam0.2,W,expenses
258,2010,0.2,RevenuesMensTeam,80712.0,RevenuesMensTeam0.2,M,revenues
259,2010,0.2,RevenuesWomensTeam,72557.20000000001,RevenuesWomensTeam0.2,W,revenues
260,2010,0.3,OperatingExpensesperTeamMensTeam,28447.6,OperatingExpensesperTeamMensTeam0.3,M,expenses
261,2010,0.3,OperatingExpensesperTeamWomensTeam,25170.2,OperatingExpensesperTeamWomensTeam0.3,W,expenses
262,2010,0.3,RevenuesMensTeam,112216.0,RevenuesMensTeam0.3,M,revenues
263,2010,0.3,RevenuesWomensTeam,101176.59999999999,RevenuesWomensTeam0.3,W,revenues
264,2010,0.4,OperatingExpensesperTeamMensTeam,34544.4,OperatingExpensesperTeamMensTeam0.4,M,expenses
265,2010,0.4,OperatingExpensesperTeamWomensTeam,30151.600000000002,OperatingExpensesperTeamWomensTeam0.4,W,expenses
266,2010,0.4,RevenuesMensTeam,145098.0,RevenuesMensTeam0.4,M,revenues
267,2010,0.4,RevenuesWomensTeam,130365.20000000004,RevenuesWomensTeam0.4,W,revenues
268,2010,0.5,OperatingExpensesperTeamMensTeam,41436.0,OperatingExpensesperTeamMensTeam0.5,M,expenses
269,2010,0.5,OperatingExpensesperTeamWomensTeam,37539.0,OperatingExpensesperTeamWomensTeam0.5,W,expenses
270,2010,0.5,RevenuesMensTeam,207623.0,RevenuesMensTeam0.5,M,revenues
271,2010,0.5,RevenuesWomensTeam,175071.0,RevenuesWomensTeam0.5,W,revenues
272,2010,0.6,OperatingExpensesperTeamMensTeam,50769.2,OperatingExpensesperTeamMensTeam0.6,M,expenses
273,2010,0.6,OperatingExpensesperTeamWomensTeam,45998.4,OperatingExpensesperTeamWomensTeam0.6,W,expenses
274,2010,0.6,RevenuesMensTeam,294606.0,RevenuesMensTeam0.6,M,revenues
275,2010,0.6,RevenuesWomensTeam,254892.8,RevenuesWomensTeam0.6,W,revenues
276,2010,0.7,OperatingExpensesperTeamMensTeam,68506.19999999998,OperatingExpensesperTeamMensTeam0.7,M,expenses
277,2010,0.7,OperatingExpensesperTeamWomensTeam,61983.39999999998,OperatingExpensesperTeamWomensTeam0.7,W,expenses
278,2010,0.7,RevenuesMensTeam,416475.0,RevenuesMensTeam0.7,M,revenues
279,2010,0.7,RevenuesWomensTeam,349814.9999999996,RevenuesWomensTeam0.7,W,revenues
280,2010,0.8,OperatingExpensesperTeamMensTeam,134059.00000000003,OperatingExpensesperTeamMensTeam0.8,M,expenses
281,2010,0.8,OperatingExpensesperTeamWomensTeam,99573.20000000004,OperatingExpensesperTeamWomensTeam0.8,W,expenses
282,2010,0.8,RevenuesMensTeam,703232.0,RevenuesMensTeam0.8,M,revenues
283,2010,0.8,RevenuesWomensTeam,522339.60000000015,RevenuesWomensTeam0.8,W,revenues
284,2010,0.9,OperatingExpensesperTeamMensTeam,320795.00000000035,OperatingExpensesperTeamMensTeam0.9,M,expenses
285,2010,0.9,OperatingExpensesperTeamWomensTeam,216587.20000000004,OperatingExpensesperTeamWomensTeam0.9,W,expenses
286,2010,0.9,RevenuesMensTeam,1686244.0,RevenuesMensTeam0.9,M,revenues
287,2010,0.9,RevenuesWomensTeam,1023475.2000000002,RevenuesWomensTeam0.9,W,revenues
288,2011,0.1,OperatingExpensesperTeamMensTeam,16664.0,OperatingExpensesperTeamMensTeam0.1,M,expenses
289,2011,0.1,OperatingExpensesperTeamWomensTeam,14617.600000000002,OperatingExpensesperTeamWomensTeam0.1,W,expenses
290,2011,0.1,RevenuesMensTeam,51272.4,RevenuesMensTeam0.1,M,revenues
291,2011,0.1,RevenuesWomensTeam,48423.8,RevenuesWomensTeam0.1,W,revenues
292,2011,0.2,OperatingExpensesperTeamMensTeam,24057.600000000002,OperatingExpensesperTeamMensTeam0.2,M,expenses
293,2011,0.2,OperatingExpensesperTeamWomensTeam,21015.2,OperatingExpensesperTeamWomensTeam0.2,W,expenses
294,2011,0.2,RevenuesMensTeam,88015.00000000001,RevenuesMensTeam0.2,M,revenues
295,2011,0.2,RevenuesWomensTeam,78366.6,RevenuesWomensTeam0.2,W,revenues
296,2011,0.3,OperatingExpensesperTeamMensTeam,29729.2,OperatingExpensesperTeamMensTeam0.3,M,expenses
297,2011,0.3,OperatingExpensesperTeamWomensTeam,26542.0,OperatingExpensesperTeamWomensTeam0.3,W,expenses
298,2011,0.3,RevenuesMensTeam,122301.0,RevenuesMensTeam0.3,M,revenues
299,2011,0.3,RevenuesWomensTeam,108523.0,RevenuesWomensTeam0.3,W,revenues
300,2011,0.4,OperatingExpensesperTeamMensTeam,35857.0,OperatingExpensesperTeamMensTeam0.4,M,expenses
301,2011,0.4,OperatingExpensesperTeamWomensTeam,31937.600000000006,OperatingExpensesperTeamWomensTeam0.4,W,expenses
302,2011,0.4,RevenuesMensTeam,156753.60000000003,RevenuesMensTeam0.4,M,revenues
303,2011,0.4,RevenuesWomensTeam,141330.2,RevenuesWomensTeam0.4,W,revenues
304,2011,0.5,OperatingExpensesperTeamMensTeam,43149.0,OperatingExpensesperTeamMensTeam0.5,M,expenses
305,2011,0.5,OperatingExpensesperTeamWomensTeam,38655.0,OperatingExpensesperTeamWomensTeam0.5,W,expenses
306,2011,0.5,RevenuesMensTeam,220464.0,RevenuesMensTeam0.5,M,revenues
307,2011,0.5,RevenuesWomensTeam,188506.0,RevenuesWomensTeam0.5,W,revenues
308,2011,0.6,OperatingExpensesperTeamMensTeam,53265.2,OperatingExpensesperTeamMensTeam0.6,M,expenses
309,2011,0.6,OperatingExpensesperTeamWomensTeam,48669.0,OperatingExpensesperTeamWomensTeam0.6,W,expenses
310,2011,0.6,RevenuesMensTeam,306637.0,RevenuesMensTeam0.6,M,revenues
311,2011,0.6,RevenuesWomensTeam,271255.6,RevenuesWomensTeam0.6,W,revenues
312,2011,0.7,OperatingExpensesperTeamMensTeam,69909.4,OperatingExpensesperTeamMensTeam0.7,M,expenses
313,2011,0.7,OperatingExpensesperTeamWomensTeam,64158.2,OperatingExpensesperTeamWomensTeam0.7,W,expenses
314,2011,0.7,RevenuesMensTeam,445615.19999999995,RevenuesMensTeam0.7,M,revenues
315,2011,0.7,RevenuesWomensTeam,376570.6,RevenuesWomensTeam0.7,W,revenues
316,2011,0.8,OperatingExpensesperTeamMensTeam,149166.20000000007,OperatingExpensesperTeamMensTeam0.8,M,expenses
317,2011,0.8,OperatingExpensesperTeamWomensTeam,110570.40000000005,OperatingExpensesperTeamWomensTeam0.8,W,expenses
318,2011,0.8,RevenuesMensTeam,767529.8000000013,RevenuesMensTeam0.8,M,revenues
319,2011,0.8,RevenuesWomensTeam,605714.6,RevenuesWomensTeam0.8,W,revenues
320,2011,0.9,OperatingExpensesperTeamMensTeam,363493.00000000006,OperatingExpensesperTeamMensTeam0.9,M,expenses
321,2011,0.9,OperatingExpensesperTeamWomensTeam,231541.6000000001,OperatingExpensesperTeamWomensTeam0.9,W,expenses
322,2011,0.9,RevenuesMensTeam,1850542.1999999997,RevenuesMensTeam0.9,M,revenues
323,2011,0.9,RevenuesWomensTeam,1096632.8000000003,RevenuesWomensTeam0.9,W,revenues
324,2012,0.1,OperatingExpensesperTeamMensTeam,18071.800000000003,OperatingExpensesperTeamMensTeam0.1,M,expenses
325,2012,0.1,OperatingExpensesperTeamWomensTeam,14951.800000000001,OperatingExpensesperTeamWomensTeam0.1,W,expenses
326,2012,0.1,RevenuesMensTeam,52111.0,RevenuesMensTeam0.1,M,revenues
327,2012,0.1,RevenuesWomensTeam,49051.5,RevenuesWomensTeam0.1,W,revenues
328,2012,0.2,OperatingExpensesperTeamMensTeam,24439.8,OperatingExpensesperTeamMensTeam0.2,M,expenses
329,2012,0.2,OperatingExpensesperTeamWomensTeam,22277.600000000002,OperatingExpensesperTeamWomensTeam0.2,W,expenses
330,2012,0.2,RevenuesMensTeam,86869.8,RevenuesMensTeam0.2,M,revenues
331,2012,0.2,RevenuesWomensTeam,78170.40000000001,RevenuesWomensTeam0.2,W,revenues
332,2012,0.3,OperatingExpensesperTeamMensTeam,30890.8,OperatingExpensesperTeamMensTeam0.3,M,expenses
333,2012,0.3,OperatingExpensesperTeamWomensTeam,27190.8,OperatingExpensesperTeamWomensTeam0.3,W,expenses
334,2012,0.3,RevenuesMensTeam,125026.09999999999,RevenuesMensTeam0.3,M,revenues
335,2012,0.3,RevenuesWomensTeam,111889.6,RevenuesWomensTeam0.3,W,revenues
336,2012,0.4,OperatingExpensesperTeamMensTeam,37135.8,OperatingExpensesperTeamMensTeam0.4,M,expenses
337,2012,0.4,OperatingExpensesperTeamWomensTeam,33303.4,OperatingExpensesperTeamWomensTeam0.4,W,expenses
338,2012,0.4,RevenuesMensTeam,162322.6,RevenuesMensTeam0.4,M,revenues
339,2012,0.4,RevenuesWomensTeam,143643.4,RevenuesWomensTeam0.4,W,revenues
340,2012,0.5,OperatingExpensesperTeamMensTeam,45424.0,OperatingExpensesperTeamMensTeam0.5,M,expenses
341,2012,0.5,OperatingExpensesperTeamWomensTeam,40448.0,OperatingExpensesperTeamWomensTeam0.5,W,expenses
342,2012,0.5,RevenuesMensTeam,220210.5,RevenuesMensTeam0.5,M,revenues
343,2012,0.5,RevenuesWomensTeam,194087.5,RevenuesWomensTeam0.5,W,revenues
344,2012,0.6,OperatingExpensesperTeamMensTeam,55025.99999999999,OperatingExpensesperTeamMensTeam0.6,M,expenses
345,2012,0.6,OperatingExpensesperTeamWomensTeam,51045.59999999999,OperatingExpensesperTeamWomensTeam0.6,W,expenses
346,2012,0.6,RevenuesMensTeam,325723.19999999995,RevenuesMensTeam0.6,M,revenues
347,2012,0.6,RevenuesWomensTeam,285315.39999999997,RevenuesWomensTeam0.6,W,revenues
348,2012,0.7,OperatingExpensesperTeamMensTeam,74006.4,OperatingExpensesperTeamMensTeam0.7,M,expenses
349,2012,0.7,OperatingExpensesperTeamWomensTeam,66204.99999999999,OperatingExpensesperTeamWomensTeam0.7,W,expenses
350,2012,0.7,RevenuesMensTeam,463110.19999999995,RevenuesMensTeam0.7,M,revenues
351,2012,0.7,RevenuesWomensTeam,399102.1,RevenuesWomensTeam0.7,W,revenues
352,2012,0.8,OperatingExpensesperTeamMensTeam,147324.8000000002,OperatingExpensesperTeamMensTeam0.8,M,expenses
353,2012,0.8,OperatingExpensesperTeamWomensTeam,111899.6000000001,OperatingExpensesperTeamWomensTeam0.8,W,expenses
354,2012,0.8,RevenuesMensTeam,790001.4000000003,RevenuesMensTeam0.8,M,revenues
355,2012,0.8,RevenuesWomensTeam,610003.4,RevenuesWomensTeam0.8,W,revenues
356,2012,0.9,OperatingExpensesperTeamMensTeam,387890.8000000001,OperatingExpensesperTeamMensTeam0.9,M,expenses
357,2012,0.9,OperatingExpensesperTeamWomensTeam,240714.00000000012,OperatingExpensesperTeamWomensTeam0.9,W,expenses
358,2012,0.9,RevenuesMensTeam,1922571.2000000004,RevenuesMensTeam0.9,M,revenues
359,2012,0.9,RevenuesWomensTeam,1204388.4000000001,RevenuesWomensTeam0.9,W,revenues
360,2013,0.1,OperatingExpensesperTeamMensTeam,19488.5,OperatingExpensesperTeamMensTeam0.1,M,expenses
361,2013,0.1,OperatingExpensesperTeamWomensTeam,15801.0,OperatingExpensesperTeamWomensTeam0.1,W,expenses
362,2013,0.1,RevenuesMensTeam,56384.0,RevenuesMensTeam0.1,M,revenues
363,2013,0.1,RevenuesWomensTeam,50816.0,RevenuesWomensTeam0.1,W,revenues
364,2013,0.2,OperatingExpensesperTeamMensTeam,26236.0,OperatingExpensesperTeamMensTeam0.2,M,expenses
365,2013,0.2,OperatingExpensesperTeamWomensTeam,23250.0,OperatingExpensesperTeamWomensTeam0.2,W,expenses
366,2013,0.2,RevenuesMensTeam,94109.00000000003,RevenuesMensTeam0.2,M,revenues
367,2013,0.2,RevenuesWomensTeam,85341.0,RevenuesWomensTeam0.2,W,revenues
368,2013,0.3,OperatingExpensesperTeamMensTeam,31995.5,OperatingExpensesperTeamMensTeam0.3,M,expenses
369,2013,0.3,OperatingExpensesperTeamWomensTeam,28668.0,OperatingExpensesperTeamWomensTeam0.3,W,expenses
370,2013,0.3,RevenuesMensTeam,131149.2,RevenuesMensTeam0.3,M,revenues
371,2013,0.3,RevenuesWomensTeam,118660.0,RevenuesWomensTeam0.3,W,revenues
372,2013,0.4,OperatingExpensesperTeamMensTeam,39096.0,OperatingExpensesperTeamMensTeam0.4,M,expenses
373,2013,0.4,OperatingExpensesperTeamWomensTeam,33935.0,OperatingExpensesperTeamWomensTeam0.4,W,expenses
374,2013,0.4,RevenuesMensTeam,173754.2,RevenuesMensTeam0.4,M,revenues
375,2013,0.4,RevenuesWomensTeam,155906.0,RevenuesWomensTeam0.4,W,revenues
376,2013,0.5,OperatingExpensesperTeamMensTeam,46670.5,OperatingExpensesperTeamMensTeam0.5,M,expenses
377,2013,0.5,OperatingExpensesperTeamWomensTeam,41898.0,OperatingExpensesperTeamWomensTeam0.5,W,expenses
378,2013,0.5,RevenuesMensTeam,236050.0,RevenuesMensTeam0.5,M,revenues
379,2013,0.5,RevenuesWomensTeam,202533.0,RevenuesWomensTeam0.5,W,revenues
380,2013,0.6,OperatingExpensesperTeamMensTeam,58907.0,OperatingExpensesperTeamMensTeam0.6,M,expenses
381,2013,0.6,OperatingExpensesperTeamWomensTeam,52363.0,OperatingExpensesperTeamWomensTeam0.6,W,expenses
382,2013,0.6,RevenuesMensTeam,344378.8,RevenuesMensTeam0.6,M,revenues
383,2013,0.6,RevenuesWomensTeam,292358.0,RevenuesWomensTeam0.6,W,revenues
384,2013,0.7,OperatingExpensesperTeamMensTeam,75219.0,OperatingExpensesperTeamMensTeam0.7,M,expenses
385,2013,0.7,OperatingExpensesperTeamWomensTeam,68088.5,OperatingExpensesperTeamWomensTeam0.7,W,expenses
386,2013,0.7,RevenuesMensTeam,486991.59999999986,RevenuesMensTeam0.7,M,revenues
387,2013,0.7,RevenuesWomensTeam,414781.0,RevenuesWomensTeam0.7,W,revenues
388,2013,0.8,OperatingExpensesperTeamMensTeam,158317.0,OperatingExpensesperTeamMensTeam0.8,M,expenses
389,2013,0.8,OperatingExpensesperTeamWomensTeam,123508.0,OperatingExpensesperTeamWomensTeam0.8,W,expenses
390,2013,0.8,RevenuesMensTeam,856776.6000000006,RevenuesMensTeam0.8,M,revenues
391,2013,0.8,RevenuesWomensTeam,629883.0,RevenuesWomensTeam0.8,W,revenues
392,2013,0.9,OperatingExpensesperTeamMensTeam,405431.0,OperatingExpensesperTeamMensTeam0.9,M,expenses
393,2013,0.9,OperatingExpensesperTeamWomensTeam,259562.5,OperatingExpensesperTeamWomensTeam0.9,W,expenses
394,2013,0.9,RevenuesMensTeam,2063312.2,RevenuesMensTeam0.9,M,revenues
395,2013,0.9,RevenuesWomensTeam,1202179.0,RevenuesWomensTeam0.9,W,revenues
396,2014,0.1,OperatingExpensesperTeamMensTeam,20079.5,OperatingExpensesperTeamMensTeam0.1,M,expenses
397,2014,0.1,OperatingExpensesperTeamWomensTeam,16707.0,OperatingExpensesperTeamWomensTeam0.1,W,expenses
398,2014,0.1,RevenuesMensTeam,58002.6,RevenuesMensTeam0.1,M,revenues
399,2014,0.1,RevenuesWomensTeam,53013.9,RevenuesWomensTeam0.1,W,revenues
400,2014,0.2,OperatingExpensesperTeamMensTeam,27876.0,OperatingExpensesperTeamMensTeam0.2,M,expenses
401,2014,0.2,OperatingExpensesperTeamWomensTeam,24474.0,OperatingExpensesperTeamWomensTeam0.2,W,expenses
402,2014,0.2,RevenuesMensTeam,97678.4,RevenuesMensTeam0.2,M,revenues
403,2014,0.2,RevenuesWomensTeam,88585.40000000001,RevenuesWomensTeam0.2,W,revenues
404,2014,0.3,OperatingExpensesperTeamMensTeam,34106.5,OperatingExpensesperTeamMensTeam0.3,M,expenses
405,2014,0.3,OperatingExpensesperTeamWomensTeam,30364.5,OperatingExpensesperTeamWomensTeam0.3,W,expenses
406,2014,0.3,RevenuesMensTeam,138580.0,RevenuesMensTeam0.3,M,revenues
407,2014,0.3,RevenuesWomensTeam,124227.59999999999,RevenuesWomensTeam0.3,W,revenues
408,2014,0.4,OperatingExpensesperTeamMensTeam,41270.0,OperatingExpensesperTeamMensTeam0.4,M,expenses
409,2014,0.4,OperatingExpensesperTeamWomensTeam,36668.0,OperatingExpensesperTeamWomensTeam0.4,W,expenses
410,2014,0.4,RevenuesMensTeam,181095.2,RevenuesMensTeam0.4,M,revenues
411,2014,0.4,RevenuesWomensTeam,160691.6,RevenuesWomensTeam0.4,W,revenues
412,2014,0.5,OperatingExpensesperTeamMensTeam,49591.0,OperatingExpensesperTeamMensTeam0.5,M,expenses
413,2014,0.5,OperatingExpensesperTeamWomensTeam,44419.5,OperatingExpensesperTeamWomensTeam0.5,W,expenses
414,2014,0.5,RevenuesMensTeam,248013.0,RevenuesMensTeam0.5,M,revenues
415,2014,0.5,RevenuesWomensTeam,209501.5,RevenuesWomensTeam0.5,W,revenues
416,2014,0.6,OperatingExpensesperTeamMensTeam,61281.0,OperatingExpensesperTeamMensTeam0.6,M,expenses
417,2014,0.6,OperatingExpensesperTeamWomensTeam,54460.0,OperatingExpensesperTeamWomensTeam0.6,W,expenses
418,2014,0.6,RevenuesMensTeam,355598.0,RevenuesMensTeam0.6,M,revenues
419,2014,0.6,RevenuesWomensTeam,311760.0,RevenuesWomensTeam0.6,W,revenues
420,2014,0.7,OperatingExpensesperTeamMensTeam,81336.5,OperatingExpensesperTeamMensTeam0.7,M,expenses
421,2014,0.7,OperatingExpensesperTeamWomensTeam,72690.5,OperatingExpensesperTeamWomensTeam0.7,W,expenses
422,2014,0.7,RevenuesMensTeam,505200.79999999993,RevenuesMensTeam0.7,M,revenues
423,2014,0.7,RevenuesWomensTeam,427339.8999999999,RevenuesWomensTeam0.7,W,revenues
424,2014,0.8,OperatingExpensesperTeamMensTeam,160591.0,OperatingExpensesperTeamMensTeam0.8,M,expenses
425,2014,0.8,OperatingExpensesperTeamWomensTeam,121768.0,OperatingExpensesperTeamWomensTeam0.8,W,expenses
426,2014,0.8,RevenuesMensTeam,873185.2000000002,RevenuesMensTeam0.8,M,revenues
427,2014,0.8,RevenuesWomensTeam,652303.6000000001,RevenuesWomensTeam0.8,W,revenues
428,2014,0.9,OperatingExpensesperTeamMensTeam,425089.0,OperatingExpensesperTeamMensTeam0.9,M,expenses
429,2014,0.9,OperatingExpensesperTeamWomensTeam,288080.5,OperatingExpensesperTeamWomensTeam0.9,W,expenses
430,2014,0.9,RevenuesMensTeam,2156885.0,RevenuesMensTeam0.9,M,revenues
431,2014,0.9,RevenuesWomensTeam,1286950.2000000002,RevenuesWomensTeam0.9,W,revenues
432,2015,0.1,OperatingExpensesperTeamMensTeam,20584.0,OperatingExpensesperTeamMensTeam0.1,M,expenses
433,2015,0.1,OperatingExpensesperTeamWomensTeam,16391.0,OperatingExpensesperTeamWomensTeam0.1,W,expenses
434,2015,0.1,RevenuesMensTeam,59085.5,RevenuesMensTeam0.1,M,revenues
435,2015,0.1,RevenuesWomensTeam,54887.5,RevenuesWomensTeam0.1,W,revenues
436,2015,0.2,OperatingExpensesperTeamMensTeam,28124.0,OperatingExpensesperTeamMensTeam0.2,M,expenses
437,2015,0.2,OperatingExpensesperTeamWomensTeam,24647.0,OperatingExpensesperTeamWomensTeam0.2,W,expenses
438,2015,0.2,RevenuesMensTeam,100918.20000000001,RevenuesMensTeam0.2,M,revenues
439,2015,0.2,RevenuesWomensTeam,93010.00000000001,RevenuesWomensTeam0.2,W,revenues
440,2015,0.3,OperatingExpensesperTeamMensTeam,35030.0,OperatingExpensesperTeamMensTeam0.3,M,expenses
441,2015,0.3,OperatingExpensesperTeamWomensTeam,30366.0,OperatingExpensesperTeamWomensTeam0.3,W,expenses
442,2015,0.3,RevenuesMensTeam,143515.9,RevenuesMensTeam0.3,M,revenues
443,2015,0.3,RevenuesWomensTeam,127559.9,RevenuesWomensTeam0.3,W,revenues
444,2015,0.4,OperatingExpensesperTeamMensTeam,42016.0,OperatingExpensesperTeamMensTeam0.4,M,expenses
445,2015,0.4,OperatingExpensesperTeamWomensTeam,36804.0,OperatingExpensesperTeamWomensTeam0.4,W,expenses
446,2015,0.4,RevenuesMensTeam,188430.6,RevenuesMensTeam0.4,M,revenues
447,2015,0.4,RevenuesWomensTeam,169420.40000000002,RevenuesWomensTeam0.4,W,revenues
448,2015,0.5,OperatingExpensesperTeamMensTeam,50664.0,OperatingExpensesperTeamMensTeam0.5,M,expenses
449,2015,0.5,OperatingExpensesperTeamWomensTeam,44111.0,OperatingExpensesperTeamWomensTeam0.5,W,expenses
450,2015,0.5,RevenuesMensTeam,253870.0,RevenuesMensTeam0.5,M,revenues
451,2015,0.5,RevenuesWomensTeam,212586.0,RevenuesWomensTeam0.5,W,revenues
452,2015,0.6,OperatingExpensesperTeamMensTeam,63685.0,OperatingExpensesperTeamMensTeam0.6,M,expenses
453,2015,0.6,OperatingExpensesperTeamWomensTeam,56983.0,OperatingExpensesperTeamWomensTeam0.6,W,expenses
454,2015,0.6,RevenuesMensTeam,372359.0,RevenuesMensTeam0.6,M,revenues
455,2015,0.6,RevenuesWomensTeam,314461.4,RevenuesWomensTeam0.6,W,revenues
456,2015,0.7,OperatingExpensesperTeamMensTeam,83016.0,OperatingExpensesperTeamMensTeam0.7,M,expenses
457,2015,0.7,OperatingExpensesperTeamWomensTeam,73520.0,OperatingExpensesperTeamWomensTeam0.7,W,expenses
458,2015,0.7,RevenuesMensTeam,513178.1,RevenuesMensTeam0.7,M,revenues
459,2015,0.7,RevenuesWomensTeam,446886.8999999998,RevenuesWomensTeam0.7,W,revenues
460,2015,0.8,OperatingExpensesperTeamMensTeam,155152.0,OperatingExpensesperTeamMensTeam0.8,M,expenses
461,2015,0.8,OperatingExpensesperTeamWomensTeam,122831.0,OperatingExpensesperTeamWomensTeam0.8,W,expenses
462,2015,0.8,RevenuesMensTeam,883393.6000000001,RevenuesMensTeam0.8,M,revenues
463,2015,0.8,RevenuesWomensTeam,646349.8000000005,RevenuesWomensTeam0.8,W,revenues
464,2015,0.9,OperatingExpensesperTeamMensTeam,450471.0,OperatingExpensesperTeamMensTeam0.9,M,expenses
465,2015,0.9,OperatingExpensesperTeamWomensTeam,288397.0,OperatingExpensesperTeamWomensTeam0.9,W,expenses
466,2015,0.9,RevenuesMensTeam,2257736.6,RevenuesMensTeam0.9,M,revenues
467,2015,0.9,RevenuesWomensTeam,1340449.4000000001,RevenuesWomensTeam0.9,W,revenues
468,2016,0.1,OperatingExpensesperTeamMensTeam,21645.0,OperatingExpensesperTeamMensTeam0.1,M,expenses
469,2016,0.1,OperatingExpensesperTeamWomensTeam,17235.0,OperatingExpensesperTeamWomensTeam0.1,W,expenses
470,2016,0.1,RevenuesMensTeam,60941.0,RevenuesMensTeam0.1,M,revenues
471,2016,0.1,RevenuesWomensTeam,56938.0,RevenuesWomensTeam0.1,W,revenues
472,2016,0.2,OperatingExpensesperTeamMensTeam,29487.0,OperatingExpensesperTeamMensTeam0.2,M,expenses
473,2016,0.2,OperatingExpensesperTeamWomensTeam,25083.0,OperatingExpensesperTeamWomensTeam0.2,W,expenses
474,2016,0.2,RevenuesMensTeam,102312.0,RevenuesMensTeam0.2,M,revenues
475,2016,0.2,RevenuesWomensTeam,94860.40000000001,RevenuesWomensTeam0.2,W,revenues
476,2016,0.3,OperatingExpensesperTeamMensTeam,36369.0,OperatingExpensesperTeamMensTeam0.3,M,expenses
477,2016,0.3,OperatingExpensesperTeamWomensTeam,31841.5,OperatingExpensesperTeamWomensTeam0.3,W,expenses
478,2016,0.3,RevenuesMensTeam,149668.4,RevenuesMensTeam0.3,M,revenues
479,2016,0.3,RevenuesWomensTeam,133642.09999999998,RevenuesWomensTeam0.3,W,revenues
480,2016,0.4,OperatingExpensesperTeamMensTeam,42760.0,OperatingExpensesperTeamMensTeam0.4,M,expenses
481,2016,0.4,OperatingExpensesperTeamWomensTeam,38318.0,OperatingExpensesperTeamWomensTeam0.4,W,expenses
482,2016,0.4,RevenuesMensTeam,196851.0,RevenuesMensTeam0.4,M,revenues
483,2016,0.4,RevenuesWomensTeam,172834.2,RevenuesWomensTeam0.4,W,revenues
484,2016,0.5,OperatingExpensesperTeamMensTeam,51886.0,OperatingExpensesperTeamMensTeam0.5,M,expenses
485,2016,0.5,OperatingExpensesperTeamWomensTeam,46808.5,OperatingExpensesperTeamWomensTeam0.5,W,expenses
486,2016,0.5,RevenuesMensTeam,261549.0,RevenuesMensTeam0.5,M,revenues
487,2016,0.5,RevenuesWomensTeam,231348.0,RevenuesWomensTeam0.5,W,revenues
488,2016,0.6,OperatingExpensesperTeamMensTeam,64227.0,OperatingExpensesperTeamMensTeam0.6,M,expenses
489,2016,0.6,OperatingExpensesperTeamWomensTeam,58834.0,OperatingExpensesperTeamWomensTeam0.6,W,expenses
490,2016,0.6,RevenuesMensTeam,371694.39999999985,RevenuesMensTeam0.6,M,revenues
491,2016,0.6,RevenuesWomensTeam,325147.8,RevenuesWomensTeam0.6,W,revenues
492,2016,0.7,OperatingExpensesperTeamMensTeam,86492.5,OperatingExpensesperTeamMensTeam0.7,M,expenses
493,2016,0.7,OperatingExpensesperTeamWomensTeam,76662.5,OperatingExpensesperTeamWomensTeam0.7,W,expenses
494,2016,0.7,RevenuesMensTeam,533563.3999999994,RevenuesMensTeam0.7,M,revenues
495,2016,0.7,RevenuesWomensTeam,461843.89999999985,RevenuesWomensTeam0.7,W,revenues
496,2016,0.8,OperatingExpensesperTeamMensTeam,171765.0,OperatingExpensesperTeamMensTeam0.8,M,expenses
497,2016,0.8,OperatingExpensesperTeamWomensTeam,131031.0,OperatingExpensesperTeamWomensTeam0.8,W,expenses
498,2016,0.8,RevenuesMensTeam,902638.0000000006,RevenuesMensTeam0.8,M,revenues
499,2016,0.8,RevenuesWomensTeam,698478.2000000002,RevenuesWomensTeam0.8,W,revenues
500,2016,0.9,OperatingExpensesperTeamMensTeam,481414.5,OperatingExpensesperTeamMensTeam0.9,M,expenses
501,2016,0.9,OperatingExpensesperTeamWomensTeam,291625.5,OperatingExpensesperTeamWomensTeam0.9,W,expenses
502,2016,0.9,RevenuesMensTeam,2419490.2,RevenuesMensTeam0.9,M,revenues
503,2016,0.9,RevenuesWomensTeam,1430350.9,RevenuesWomensTeam0.9,W,revenues
504,2017,0.1,OperatingExpensesperTeamMensTeam,20835.0,OperatingExpensesperTeamMensTeam0.1,M,expenses
505,2017,0.1,OperatingExpensesperTeamWomensTeam,17313.4,OperatingExpensesperTeamWomensTeam0.1,W,expenses
506,2017,0.1,RevenuesMensTeam,62684.0,RevenuesMensTeam0.1,M,revenues
507,2017,0.1,RevenuesWomensTeam,57845.0,RevenuesWomensTeam0.1,W,revenues
508,2017,0.2,OperatingExpensesperTeamMensTeam,29449.8,OperatingExpensesperTeamMensTeam0.2,M,expenses
509,2017,0.2,OperatingExpensesperTeamWomensTeam,25640.600000000002,OperatingExpensesperTeamWomensTeam0.2,W,expenses
510,2017,0.2,RevenuesMensTeam,105240.0,RevenuesMensTeam0.2,M,revenues
511,2017,0.2,RevenuesWomensTeam,98103.4,RevenuesWomensTeam0.2,W,revenues
512,2017,0.3,OperatingExpensesperTeamMensTeam,36034.799999999996,OperatingExpensesperTeamMensTeam0.3,M,expenses
513,2017,0.3,OperatingExpensesperTeamWomensTeam,31661.2,OperatingExpensesperTeamWomensTeam0.3,W,expenses
514,2017,0.3,RevenuesMensTeam,154301.5,RevenuesMensTeam0.3,M,revenues
515,2017,0.3,RevenuesWomensTeam,138205.0,RevenuesWomensTeam0.3,W,revenues
516,2017,0.4,OperatingExpensesperTeamMensTeam,44741.200000000004,OperatingExpensesperTeamMensTeam0.4,M,expenses
517,2017,0.4,OperatingExpensesperTeamWomensTeam,38316.0,OperatingExpensesperTeamWomensTeam0.4,W,expenses
518,2017,0.4,RevenuesMensTeam,200877.0,RevenuesMensTeam0.4,M,revenues
519,2017,0.4,RevenuesWomensTeam,174243.80000000002,RevenuesWomensTeam0.4,W,revenues
520,2017,0.5,OperatingExpensesperTeamMensTeam,53382.0,OperatingExpensesperTeamMensTeam0.5,M,expenses
521,2017,0.5,OperatingExpensesperTeamWomensTeam,46988.0,OperatingExpensesperTeamWomensTeam0.5,W,expenses
522,2017,0.5,RevenuesMensTeam,270822.0,RevenuesMensTeam0.5,M,revenues
523,2017,0.5,RevenuesWomensTeam,233415.0,RevenuesWomensTeam0.5,W,revenues
524,2017,0.6,OperatingExpensesperTeamMensTeam,67588.39999999998,OperatingExpensesperTeamMensTeam0.6,M,expenses
525,2017,0.6,OperatingExpensesperTeamWomensTeam,59641.39999999997,OperatingExpensesperTeamWomensTeam0.6,W,expenses
526,2017,0.6,RevenuesMensTeam,393586.0,RevenuesMensTeam0.6,M,revenues
527,2017,0.6,RevenuesWomensTeam,338736.0,RevenuesWomensTeam0.6,W,revenues
528,2017,0.7,OperatingExpensesperTeamMensTeam,87640.4,OperatingExpensesperTeamMensTeam0.7,M,expenses
529,2017,0.7,OperatingExpensesperTeamWomensTeam,77566.0,OperatingExpensesperTeamWomensTeam0.7,W,expenses
530,2017,0.7,RevenuesMensTeam,553736.0,RevenuesMensTeam0.7,M,revenues
531,2017,0.7,RevenuesWomensTeam,475351.6,RevenuesWomensTeam0.7,W,revenues
532,2017,0.8,OperatingExpensesperTeamMensTeam,165298.00000000015,OperatingExpensesperTeamMensTeam0.8,M,expenses
533,2017,0.8,OperatingExpensesperTeamWomensTeam,135323.2,OperatingExpensesperTeamWomensTeam0.8,W,expenses
534,2017,0.8,RevenuesMensTeam,920722.0,RevenuesMensTeam0.8,M,revenues
535,2017,0.8,RevenuesWomensTeam,705953.8000000003,RevenuesWomensTeam0.8,W,revenues
536,2017,0.9,OperatingExpensesperTeamMensTeam,488506.60000000003,OperatingExpensesperTeamMensTeam0.9,M,expenses
537,2017,0.9,OperatingExpensesperTeamWomensTeam,316769.2000000005,OperatingExpensesperTeamWomensTeam0.9,W,expenses
538,2017,0.9,RevenuesMensTeam,2426776.0,RevenuesMensTeam0.9,M,revenues
539,2017,0.9,RevenuesWomensTeam,1456529.8,RevenuesWomensTeam0.9,W,revenues
540,2018,0.1,OperatingExpensesperTeamMensTeam,21433.0,OperatingExpensesperTeamMensTeam0.1,M,expenses
541,2018,0.1,OperatingExpensesperTeamWomensTeam,17279.0,OperatingExpensesperTeamWomensTeam0.1,W,expenses
542,2018,0.1,RevenuesMensTeam,64677.100000000006,RevenuesMensTeam0.1,M,revenues
543,2018,0.1,RevenuesWomensTeam,60453.3,RevenuesWomensTeam0.1,W,revenues
544,2018,0.2,OperatingExpensesperTeamMensTeam,29707.0,OperatingExpensesperTeamMensTeam0.2,M,expenses
545,2018,0.2,OperatingExpensesperTeamWomensTeam,25381.0,OperatingExpensesperTeamWomensTeam0.2,W,expenses
546,2018,0.2,RevenuesMensTeam,108021.8,RevenuesMensTeam0.2,M,revenues
547,2018,0.2,RevenuesWomensTeam,101120.0,RevenuesWomensTeam0.2,W,revenues
548,2018,0.3,OperatingExpensesperTeamMensTeam,36703.0,OperatingExpensesperTeamMensTeam0.3,M,expenses
549,2018,0.3,OperatingExpensesperTeamWomensTeam,32634.0,OperatingExpensesperTeamWomensTeam0.3,W,expenses
550,2018,0.3,RevenuesMensTeam,159684.19999999998,RevenuesMensTeam0.3,M,revenues
551,2018,0.3,RevenuesWomensTeam,141197.99999999997,RevenuesWomensTeam0.3,W,revenues
552,2018,0.4,OperatingExpensesperTeamMensTeam,45039.0,OperatingExpensesperTeamMensTeam0.4,M,expenses
553,2018,0.4,OperatingExpensesperTeamWomensTeam,40177.0,OperatingExpensesperTeamWomensTeam0.4,W,expenses
554,2018,0.4,RevenuesMensTeam,208053.80000000002,RevenuesMensTeam0.4,M,revenues
555,2018,0.4,RevenuesWomensTeam,184016.40000000002,RevenuesWomensTeam0.4,W,revenues
556,2018,0.5,OperatingExpensesperTeamMensTeam,55718.0,OperatingExpensesperTeamMensTeam0.5,M,expenses
557,2018,0.5,OperatingExpensesperTeamWomensTeam,47981.0,OperatingExpensesperTeamWomensTeam0.5,W,expenses
558,2018,0.5,RevenuesMensTeam,275609.5,RevenuesMensTeam0.5,M,revenues
559,2018,0.5,RevenuesWomensTeam,239847.5,RevenuesWomensTeam0.5,W,revenues
560,2018,0.6,OperatingExpensesperTeamMensTeam,67442.0,OperatingExpensesperTeamMensTeam0.6,M,expenses
561,2018,0.6,OperatingExpensesperTeamWomensTeam,60827.0,OperatingExpensesperTeamWomensTeam0.6,W,expenses
562,2018,0.6,RevenuesMensTeam,407494.2,RevenuesMensTeam0.6,M,revenues
563,2018,0.6,RevenuesWomensTeam,350625.39999999997,RevenuesWomensTeam0.6,W,revenues
564,2018,0.7,OperatingExpensesperTeamMensTeam,89284.0,OperatingExpensesperTeamMensTeam0.7,M,expenses
565,2018,0.7,OperatingExpensesperTeamWomensTeam,79171.0,OperatingExpensesperTeamWomensTeam0.7,W,expenses
566,2018,0.7,RevenuesMensTeam,567918.6,RevenuesMensTeam0.7,M,revenues
567,2018,0.7,RevenuesWomensTeam,487113.5999999999,RevenuesWomensTeam0.7,W,revenues
568,2018,0.8,OperatingExpensesperTeamMensTeam,161339.0,OperatingExpensesperTeamMensTeam0.8,M,expenses
569,2018,0.8,OperatingExpensesperTeamWomensTeam,130394.0,OperatingExpensesperTeamWomensTeam0.8,W,expenses
570,2018,0.8,RevenuesMensTeam,910682.2,RevenuesMensTeam0.8,M,revenues
571,2018,0.8,RevenuesWomensTeam,766668.8,RevenuesWomensTeam0.8,W,revenues
572,2018,0.9,OperatingExpensesperTeamMensTeam,527709.0,OperatingExpensesperTeamMensTeam0.9,M,expenses
573,2018,0.9,OperatingExpensesperTeamWomensTeam,316885.0,OperatingExpensesperTeamWomensTeam0.9,W,expenses
574,2018,0.9,RevenuesMensTeam,2557814.0,RevenuesMensTeam0.9,M,revenues
575,2018,0.9,RevenuesWomensTeam,1500163.4999999988,RevenuesWomensTeam0.9,W,revenues
576,2019,0.1,OperatingExpensesperTeamMensTeam,21407.0,OperatingExpensesperTeamMensTeam0.1,M,expenses
577,2019,0.1,OperatingExpensesperTeamWomensTeam,17231.0,OperatingExpensesperTeamWomensTeam0.1,W,expenses
578,2019,0.1,RevenuesMensTeam,64861.0,RevenuesMensTeam0.1,M,revenues
579,2019,0.1,RevenuesWomensTeam,58646.600000000006,RevenuesWomensTeam0.1,W,revenues
580,2019,0.2,OperatingExpensesperTeamMensTeam,29490.0,OperatingExpensesperTeamMensTeam0.2,M,expenses
581,2019,0.2,OperatingExpensesperTeamWomensTeam,25487.0,OperatingExpensesperTeamWomensTeam0.2,W,expenses
582,2019,0.2,RevenuesMensTeam,105661.0,RevenuesMensTeam0.2,M,revenues
583,2019,0.2,RevenuesWomensTeam,104536.8,RevenuesWomensTeam0.2,W,revenues
584,2019,0.3,OperatingExpensesperTeamMensTeam,37050.0,OperatingExpensesperTeamMensTeam0.3,M,expenses
585,2019,0.3,OperatingExpensesperTeamWomensTeam,32064.0,OperatingExpensesperTeamWomensTeam0.3,W,expenses
586,2019,0.3,RevenuesMensTeam,154593.5,RevenuesMensTeam0.3,M,revenues
587,2019,0.3,RevenuesWomensTeam,138666.19999999998,RevenuesWomensTeam0.3,W,revenues
588,2019,0.4,OperatingExpensesperTeamMensTeam,44875.0,OperatingExpensesperTeamMensTeam0.4,M,expenses
589,2019,0.4,OperatingExpensesperTeamWomensTeam,39409.0,OperatingExpensesperTeamWomensTeam0.4,W,expenses
590,2019,0.4,RevenuesMensTeam,200411.0,RevenuesMensTeam0.4,M,revenues
591,2019,0.4,RevenuesWomensTeam,180300.8,RevenuesWomensTeam0.4,W,revenues
592,2019,0.5,OperatingExpensesperTeamMensTeam,54855.0,OperatingExpensesperTeamMensTeam0.5,M,expenses
593,2019,0.5,OperatingExpensesperTeamWomensTeam,48645.0,OperatingExpensesperTeamWomensTeam0.5,W,expenses
594,2019,0.5,RevenuesMensTeam,276331.5,RevenuesMensTeam0.5,M,revenues
595,2019,0.5,RevenuesWomensTeam,243312.0,RevenuesWomensTeam0.5,W,revenues
596,2019,0.6,OperatingExpensesperTeamMensTeam,67279.0,OperatingExpensesperTeamMensTeam0.6,M,expenses
597,2019,0.6,OperatingExpensesperTeamWomensTeam,59184.0,OperatingExpensesperTeamWomensTeam0.6,W,expenses
598,2019,0.6,RevenuesMensTeam,402261.0,RevenuesMensTeam0.6,M,revenues
599,2019,0.6,RevenuesWomensTeam,335172.39999999997,RevenuesWomensTeam0.6,W,revenues
600,2019,0.7,OperatingExpensesperTeamMensTeam,86531.0,OperatingExpensesperTeamMensTeam0.7,M,expenses
601,2019,0.7,OperatingExpensesperTeamWomensTeam,77836.0,OperatingExpensesperTeamWomensTeam0.7,W,expenses
602,2019,0.7,RevenuesMensTeam,548885.0,RevenuesMensTeam0.7,M,revenues
603,2019,0.7,RevenuesWomensTeam,479677.2,RevenuesWomensTeam0.7,W,revenues
604,2019,0.8,OperatingExpensesperTeamMensTeam,158555.0,OperatingExpensesperTeamMensTeam0.8,M,expenses
605,2019,0.8,OperatingExpensesperTeamWomensTeam,132113.0,OperatingExpensesperTeamWomensTeam0.8,W,expenses
606,2019,0.8,RevenuesMensTeam,943629.0,RevenuesMensTeam0.8,M,revenues
607,2019,0.8,RevenuesWomensTeam,737762.4000000001,RevenuesWomensTeam0.8,W,revenues
608,2019,0.9,OperatingExpensesperTeamMensTeam,519964.0,OperatingExpensesperTeamMensTeam0.9,M,expenses
609,2019,0.9,OperatingExpensesperTeamWomensTeam,318818.0,OperatingExpensesperTeamWomensTeam0.9,W,expenses
610,2019,0.9,RevenuesMensTeam,2535312.0,RevenuesMensTeam0.9,M,revenues
611,2019,0.9,RevenuesWomensTeam,1488482.4000000001,RevenuesWomensTeam0.9,W,revenues
612,2020,0.1,OperatingExpensesperTeamMensTeam,9921.0,OperatingExpensesperTeamMensTeam0.1,M,expenses
613,2020,0.1,OperatingExpensesperTeamWomensTeam,6474.500000000002,OperatingExpensesperTeamWomensTeam0.1,W,expenses
614,2020,0.1,RevenuesMensTeam,68956.8,RevenuesMensTeam0.1,M,revenues
615,2020,0.1,RevenuesWomensTeam,66242.6,RevenuesWomensTeam0.1,W,revenues
616,2020,0.2,OperatingExpensesperTeamMensTeam,17363.4,OperatingExpensesperTeamMensTeam0.2,M,expenses
617,2020,0.2,OperatingExpensesperTeamWomensTeam,14600.000000000002,OperatingExpensesperTeamWomensTeam0.2,W,expenses
618,2020,0.2,RevenuesMensTeam,114260.59999999999,RevenuesMensTeam0.2,M,revenues
619,2020,0.2,RevenuesWomensTeam,104597.6,RevenuesWomensTeam0.2,W,revenues
620,2020,0.3,OperatingExpensesperTeamMensTeam,23853.0,OperatingExpensesperTeamMensTeam0.3,M,expenses
621,2020,0.3,OperatingExpensesperTeamWomensTeam,20281.0,OperatingExpensesperTeamWomensTeam0.3,W,expenses
622,2020,0.3,RevenuesMensTeam,163275.0,RevenuesMensTeam0.3,M,revenues
623,2020,0.3,RevenuesWomensTeam,148419.0,RevenuesWomensTeam0.3,W,revenues
624,2020,0.4,OperatingExpensesperTeamMensTeam,31568.800000000007,OperatingExpensesperTeamMensTeam0.4,M,expenses
625,2020,0.4,OperatingExpensesperTeamWomensTeam,26236.200000000004,OperatingExpensesperTeamWomensTeam0.4,W,expenses
626,2020,0.4,RevenuesMensTeam,219468.8,RevenuesMensTeam0.4,M,revenues
627,2020,0.4,RevenuesWomensTeam,200494.2,RevenuesWomensTeam0.4,W,revenues
628,2020,0.5,OperatingExpensesperTeamMensTeam,39981.5,OperatingExpensesperTeamMensTeam0.5,M,expenses
629,2020,0.5,OperatingExpensesperTeamWomensTeam,33769.5,OperatingExpensesperTeamWomensTeam0.5,W,expenses
630,2020,0.5,RevenuesMensTeam,320675.0,RevenuesMensTeam0.5,M,revenues
631,2020,0.5,RevenuesWomensTeam,288072.0,RevenuesWomensTeam0.5,W,revenues
632,2020,0.6,OperatingExpensesperTeamMensTeam,50187.4,OperatingExpensesperTeamMensTeam0.6,M,expenses
633,2020,0.6,OperatingExpensesperTeamWomensTeam,42930.399999999994,OperatingExpensesperTeamWomensTeam0.6,W,expenses
634,2020,0.6,RevenuesMensTeam,451800.0,RevenuesMensTeam0.6,M,revenues
635,2020,0.6,RevenuesWomensTeam,396121.6,RevenuesWomensTeam0.6,W,revenues
636,2020,0.7,OperatingExpensesperTeamMensTeam,70869.29999999997,OperatingExpensesperTeamMensTeam0.7,M,expenses
637,2020,0.7,OperatingExpensesperTeamWomensTeam,60363.49999999999,OperatingExpensesperTeamWomensTeam0.7,W,expenses
638,2020,0.7,RevenuesMensTeam,601920.3999999997,RevenuesMensTeam0.7,M,revenues
639,2020,0.7,RevenuesWomensTeam,521670.3999999999,RevenuesWomensTeam0.7,W,revenues
640,2020,0.8,OperatingExpensesperTeamMensTeam,160755.40000000002,OperatingExpensesperTeamMensTeam0.8,M,expenses
641,2020,0.8,OperatingExpensesperTeamWomensTeam,108558.6,OperatingExpensesperTeamWomensTeam0.8,W,expenses
642,2020,0.8,RevenuesMensTeam,1269881.6,RevenuesMensTeam0.8,M,revenues
643,2020,0.8,RevenuesWomensTeam,1002882.0000000006,RevenuesWomensTeam0.8,W,revenues
644,2020,0.9,OperatingExpensesperTeamMensTeam,362196.7,OperatingExpensesperTeamMensTeam0.9,M,expenses
645,2020,0.9,OperatingExpensesperTeamWomensTeam,242260.40000000014,OperatingExpensesperTeamWomensTeam0.9,W,expenses
646,2020,0.9,RevenuesMensTeam,2468351.2000000025,RevenuesMensTeam0.9,M,revenues
647,2020,0.9,RevenuesWomensTeam,1565580.6,RevenuesWomensTeam0.9,W,revenues
